PRODUCT,TYPE,UNSUB TEXT,UNSUB ID,Voluum unsub ID ,UNSUB URL,,
HBVT,,"If you would like to opt out from receiving this offer, please click here.",,eaa94ec4-70b2-4c4e-bfe5-a8c0740df1bd,https://www.scalesaltbat.com/o-nnvn-q06-5ada0ea81d48da3e8c18c556c1123498,,
HBCB,,"If you would like to opt out from receiving this offer, please click here.",,ef57c477-8487-4bdf-b217-4e88bdfb1d37,https://www.scalesaltbat.com/o-nnvn-q06-6572cea410bc78539060d72c5db67b19,,
HBVB,,"If you would like to opt out from receiving this offer, please click here.",,d8e52425-fb43-45a5-9b1d-555d8298fe02,https://www.scalesaltbat.com/o-nnvn-q06-b55b1365e1a1ec49fc73bf58886ac4f2,,
HBKF,,"If you would like to opt out from receiving this offer, please click here.",,37d3a40b-02eb-44f6-948f-c2461122f8e4,https://www.scalesaltbat.com/o-nnvn-q06-c7b479a9fb4db418345010d1494df762,,
HBTG,,"If you would like to opt out from receiving this offer, please click here.",,91c27c17-b93e-447c-9eb5-9b97877a654f,https://www.scalesaltbat.com/o-nnvn-q06-dd6d729f001f5b5cc167ac1363a3dfd4,,
HBBB,,"If you would like to opt out from receiving this offer, please click here.",,4bf12b4b-cdc0-428f-ae64-4d5ccff62b6f,https://www.scalesaltbat.com/o-nnvn-p85-0561a41e38e8d4ee99a2339f0b52a85a,,
HBBT,,"If you would like to opt out from receiving this offer, please click here.",,895f628a-c5e0-48bf-91c0-b26104d90400,https://www.scalesaltbat.com/o-nnvn-q06-e6fc5d90f84e21edf39b26ace7a8dcc3,,
HBFA,,"If you would like to opt out from receiving this offer, please click here.",unsubhbfa,f17cf339-9336-431d-8134-75ed8a88192b,https://www.scalesaltbat.com/o-nnvn-p95-681e01cf54c08df99d44c5caec9c83ea,,
HBAD,,"If you would like to opt out from receiving this offer, please click here.",unsubhbad,4a5358e4-3d52-4a9a-ad12-adb5eb57eb5f,https://www.scalesaltbat.com/o-nnvn-p95-b6af4b6e4298ce8228bb6a180ee6a913,,
HBBL,,"If you would like to opt out from receiving this offer, please click here.",unsubhbbl,884a934b-83a9-4489-b918-0b420d211278,https://www.scalesaltbat.com/o-nnvn-p95-a1271e9dda1b8475683b86ed64c708e9,,
HBTT,,"If you would like to opt out from receiving this offer, please click here.",unsubhbtt,8c37cfa0-e60b-47be-89a9-f8b65b7224a6,https://www.scalesaltbat.com/o-nnvn-p95-60d8a4ad50f302ed1801f58931e0cc5f,,
HBHF,,"If you would like to opt out from receiving this offer, please click here.",unsubhbhf,fb746933-60ac-474f-8455-ba85cbe26dae,https://www.scalesaltbat.com/o-nnvn-p95-66ffaf99c2996bed3abd14c5303a3e63,,
HBTB,,"If you would like to opt out from receiving this offer, please click here.",unsubhbtb,dc7ea1ed-af64-4950-932e-f744ea3a3265,https://www.scalesaltbat.com/o-nnvn-p95-fdd0ab52fd12e66a8276c08381349f47,,
HBTO,,"If you would like to opt out from receiving this offer, please click here.",unsubhbto,71cb5311-c816-480a-9888-d9c8c3723582,https://www.scalesaltbat.com/o-nnvn-p95-ecbb734c2cc242f41ddc5a8bc9714717,,
HBTR,,"If you would like to opt out from receiving this offer, please click here.",unsubhbtr,a60b76e0-2eb9-4d52-9b7f-0e2a91e7b6ce,https://www.scalesaltbat.com/o-nnvn-p85-0561a41e38e8d4ee4749a41ec69fc795,,
HBMC,,"If you would like to opt out from receiving this offer, please click here.",unsubhbmc,fc8ebb51-21b6-4a12-9185-7205a2443e27,https://www.scalesaltbat.com/o-nnvn-p85-3aa969d88d31c77c0cc2ee12ff1a1e39,,
HBGT,,"If you would like to opt out from receiving this offer, please click here.",unsubhbgt,67cc79a2-c4b2-477d-9da4-7a345637167f,https://www.scalesaltbat.com/o-nnvn-p95-fd10d4eba4a14a5c0f6944ecba31bd96,,
HBGL ,,"If you would like to opt out from receiving this offer, please click here.",unsubhbgl,d0a390c3-8dd4-4c84-b67c-9b32e13a2d6a,https://www.scalesaltbat.com/o-nnvn-p95-e8a7ddeb76f3c4ec5752b1ae52aecd16,,
IACK,,"Information contained in this email and websites maintained by Magnifi Communities LLC (dba Investors Alley) are provided for educational purposes only and are neither an offer nor a recommendation to buy or sell any security, options on equities, or cryptocurrency. Magnifi Communities and its affiliates may hold a position in any of the companies mentioned. Magnifi Communities is neither a registered investment adviser nor a broker-dealer and does not provide customized or personalized recommendations. Any one-on-one coaching or similar products or services offered by or through Magnifi Communities or Investors Alley does not provide or constitute personal advice, does not take into consideration and is not based on the unique or specific needs, objectives or financial circumstances of any person, and is intended for educational purposes only. Past performance is not necessarily indicative of future results. No trading strategy is risk free. Trading and investing involve substantial risk, and you may lose the entire amount of your principal investment or more. You should trade or invest only ""risk capital"" - money you can afford to lose. Trading and investing is not appropriate for everyone. We urge you to conduct your own research and due diligence and obtain professional advice from your personal financial adviser or investment broker before making any investment decision.

All information contained herein is copyright 2024, Magnifi Communities LLC.",,,,,
IAAA,,"Information contained in this email and websites maintained by Magnifi Communities LLC (dba Investors Alley) are provided for educational purposes only and are neither an offer nor a recommendation to buy or sell any security, options on equities, or cryptocurrency. Magnifi Communities and its affiliates may hold a position in any of the companies mentioned. Magnifi Communities is neither a registered investment adviser nor a broker-dealer and does not provide customized or personalized recommendations. Any one-on-one coaching or similar products or services offered by or through Magnifi Communities or Investors Alley does not provide or constitute personal advice, does not take into consideration and is not based on the unique or specific needs, objectives or financial circumstances of any person, and is intended for educational purposes only. Past performance is not necessarily indicative of future results. No trading strategy is risk free. Trading and investing involve substantial risk, and you may lose the entire amount of your principal investment or more. You should trade or invest only ""risk capital"" - money you can afford to lose. Trading and investing is not appropriate for everyone. We urge you to conduct your own research and due diligence and obtain professional advice from your personal financial adviser or investment broker before making any investment decision.

All information contained herein is copyright 2024, Magnifi Communities LLC.",,,,,
IAIM,,"Information contained in this email and websites maintained by Magnifi Communities LLC (dba Investors Alley) are provided for educational purposes only and are neither an offer nor a recommendation to buy or sell any security, options on equities, or cryptocurrency. Magnifi Communities and its affiliates may hold a position in any of the companies mentioned. Magnifi Communities is neither a registered investment adviser nor a broker-dealer and does not provide customized or personalized recommendations. Any one-on-one coaching or similar products or services offered by or through Magnifi Communities or Investors Alley does not provide or constitute personal advice, does not take into consideration and is not based on the unique or specific needs, objectives or financial circumstances of any person, and is intended for educational purposes only. Past performance is not necessarily indicative of future results. No trading strategy is risk free. Trading and investing involve substantial risk, and you may lose the entire amount of your principal investment or more. You should trade or invest only ""risk capital"" - money you can afford to lose. Trading and investing is not appropriate for everyone. We urge you to conduct your own research and due diligence and obtain professional advice from your personal financial adviser or investment broker before making any investment decision.

All information contained herein is copyright 2024, Magnifi Communities LLC.",,,,,
IAAB,,"Information contained in this email and websites maintained by Magnifi Communities LLC (dba Investors Alley) are provided for educational purposes only and are neither an offer nor a recommendation to buy or sell any security, options on equities, or cryptocurrency. Magnifi Communities and its affiliates may hold a position in any of the companies mentioned. Magnifi Communities is neither a registered investment adviser nor a broker-dealer and does not provide customized or personalized recommendations. Any one-on-one coaching or similar products or services offered by or through Magnifi Communities or Investors Alley does not provide or constitute personal advice, does not take into consideration and is not based on the unique or specific needs, objectives or financial circumstances of any person, and is intended for educational purposes only. Past performance is not necessarily indicative of future results. No trading strategy is risk free. Trading and investing involve substantial risk, and you may lose the entire amount of your principal investment or more. You should trade or invest only ""risk capital"" - money you can afford to lose. Trading and investing is not appropriate for everyone. We urge you to conduct your own research and due diligence and obtain professional advice from your personal financial adviser or investment broker before making any investment decision.

All information contained herein is copyright 2024, Magnifi Communities LLC.",,,,,
IAED,,"Information contained in this email and websites maintained by Magnifi Communities LLC (dba Investors Alley) are provided for educational purposes only and are neither an offer nor a recommendation to buy or sell any security, options on equities, or cryptocurrency. Magnifi Communities and its affiliates may hold a position in any of the companies mentioned. Magnifi Communities is neither a registered investment adviser nor a broker-dealer and does not provide customized or personalized recommendations. Any one-on-one coaching or similar products or services offered by or through Magnifi Communities or Investors Alley does not provide or constitute personal advice, does not take into consideration and is not based on the unique or specific needs, objectives or financial circumstances of any person, and is intended for educational purposes only. Past performance is not necessarily indicative of future results. No trading strategy is risk free. Trading and investing involve substantial risk, and you may lose the entire amount of your principal investment or more. You should trade or invest only ""risk capital"" - money you can afford to lose. Trading and investing is not appropriate for everyone. We urge you to conduct your own research and due diligence and obtain professional advice from your personal financial adviser or investment broker before making any investment decision.

All information contained herein is copyright 2024, Magnifi Communities LLC.",,,,,
IAAI,,"Information contained in this email and websites maintained by Magnifi Communities LLC (dba Investors Alley) are provided for educational purposes only and are neither an offer nor a recommendation to buy or sell any security, options on equities, or cryptocurrency. Magnifi Communities and its affiliates may hold a position in any of the companies mentioned. Magnifi Communities is neither a registered investment adviser nor a broker-dealer and does not provide customized or personalized recommendations. Any one-on-one coaching or similar products or services offered by or through Magnifi Communities or Investors Alley does not provide or constitute personal advice, does not take into consideration and is not based on the unique or specific needs, objectives or financial circumstances of any person, and is intended for educational purposes only. Past performance is not necessarily indicative of future results. No trading strategy is risk free. Trading and investing involve substantial risk, and you may lose the entire amount of your principal investment or more. You should trade or invest only ""risk capital"" - money you can afford to lose. Trading and investing is not appropriate for everyone. We urge you to conduct your own research and due diligence and obtain professional advice from your personal financial adviser or investment broker before making any investment decision.

All information contained herein is copyright 2024, Magnifi Communities LLC.",,,,,
IAMX,,"Information contained in this email and websites maintained by Magnifi Communities LLC (dba INO) are provided for educational purposes only and are neither an offer nor a recommendation to buy or sell any security, options on equities, or cryptocurrency. Magnifi Communities and its affiliates may hold a position in any of the companies mentioned. Magnifi Communities is neither a registered investment adviser nor a broker-dealer and does not provide customized or personalized recommendations. Any one-on-one coaching or similar products or services offered by or through Magnifi Communities or Investors Alley does not provide or constitute personal advice, does not take into consideration and is not based on the unique or specific needs, objectives or financial circumstances of any person, and is intended for educational purposes only. Past performance is not necessarily indicative of future results. No trading strategy is risk free. Trading and investing involve substantial risk, and you may lose the entire amount of your principal investment or more. You should trade or invest only ""risk capital"" - money you can afford to lose. Trading and investing is not appropriate for everyone. We urge you to conduct your own research and due diligence and obtain professional advice from your personal financial adviser or investment broker before making any investment decision.

All information contained herein is copyright 2024, Magnifi Communities LLC.",,,,,
IASU,,"Information contained in this email and websites maintained by Magnifi Communities LLC (dba Stock News) are provided for educational purposes only and are neither an offer nor a recommendation to buy or sell any security, options on equities, or cryptocurrency. Magnifi Communities and its affiliates may hold a position in any of the companies mentioned. Magnifi Communities is neither a registered investment adviser nor a broker-dealer and does not provide customized or personalized recommendations. Any one-on-one coaching or similar products or services offered by or through Magnifi Communities or Investors Alley does not provide or constitute personal advice, does not take into consideration and is not based on the unique or specific needs, objectives or financial circumstances of any person, and is intended for educational purposes only. Past performance is not necessarily indicative of future results. No trading strategy is risk free. Trading and investing involve substantial risk, and you may lose the entire amount of your principal investment or more. You should trade or invest only ""risk capital"" - money you can afford to lose. Trading and investing is not appropriate for everyone. We urge you to conduct your own research and due diligence and obtain professional advice from your personal financial adviser or investment broker before making any investment decision.

All information contained herein is copyright 2024, Magnifi Communities LLC.
",,,,,
IACA,,"Information contained in this email and websites maintained by Magnifi Communities LLC (dba Investors Alley) are provided for educational purposes only and are neither an offer nor a recommendation to buy or sell any security, options on equities, or cryptocurrency. Magnifi Communities and its affiliates may hold a position in any of the companies mentioned. Magnifi Communities is neither a registered investment adviser nor a broker-dealer and does not provide customized or personalized recommendations. Any one-on-one coaching or similar products or services offered by or through Magnifi Communities or Investors Alley does not provide or constitute personal advice, does not take into consideration and is not based on the unique or specific needs, objectives or financial circumstances of any person, and is intended for educational purposes only. Past performance is not necessarily indicative of future results. No trading strategy is risk free. Trading and investing involve substantial risk, and you may lose the entire amount of your principal investment or more. You should trade or invest only ""risk capital"" - money you can afford to lose. Trading and investing is not appropriate for everyone. We urge you to conduct your own research and due diligence and obtain professional advice from your personal financial adviser or investment broker before making any investment decision.

All information contained herein is copyright 2024, Magnifi Communities LLC.",,,,,
COCR \ COCN \ CORT \ CORE \ COCB \ COCC,,"© 2024 Boardwalk Flock LLC. All Rights Reserved.
1596 N Coast Highway 101 #1037 Encinitas, CA 92024
The advice and strategies contained herein may not be suitable for your situation. You should consult with a professional where appropriate. Readers acknowledge that the authors are not engaging in the rendering of legal, financial, medical, or professional advice. The reader agrees that under no circumstances Boardwalk Flock, LLC is responsible for any losses, direct or indirect, which are incurred as a result of the use of the information contained within this, including, but not limited to, errors, omissions, or inaccuracies.
Results may not be typical and may vary from person to person. Making money trading digital currencies takes time and hard work. There are inherent risks involved with investing, including the loss of your investment. Past performance in the market is not indicative of future results. Any investment is at your own risk.
",,,,,
IPLT,,"This ad is sent on behalf of InvestorPlace Media at 1125 N. Charles Street, Baltimore, Maryland 21201. If you’re not interested in this opportunity, please click here and remove yourself from these offers.",unsubiplt,88f846c0-c1e8-43c2-af75-7c23d465d54f,https://www.eleventabkite.com/o-pvfk-p65-bd317191460c6aba61d8bd569233fc62,,
IPCF,,"This ad is sent on behalf of InvestorPlace Media at 1125 N. Charles Street, Baltimore, Maryland 21201. If you’re not interested in this opportunity, please click here and remove yourself from these offers.",unsubipcf,adc7678b-63a8-4e96-8242-6c688595b493,https://www.eleventabkite.com/o-pvfk-o45-21914b5dc8bab6757603c046d43e011a,,
IOPO,,"This ad is sent on behalf of InvestorPlace Media at 1125 N. Charles Street, Baltimore, Maryland 21201. If you’re not interested in this opportunity, please click here and remove yourself from these offers.",unsubiopo,06cceacd-795c-4ebc-a1c5-102e95da29a1,https://www.eleventabkite.com/o-pvfk-o45-6fa7303fb5f423b78e4e42bbe668a6c2,,
IPTO ,,"This ad is sent on behalf of InvestorPlace Media at 1125 N. Charles Street, Baltimore, Maryland 21201. If you’re not interested in this opportunity, please click here and remove yourself from these offers.",unsubipto,fde18dca-bf5d-46c2-a03b-ef7e7cea1560,https://www.eleventabkite.com/o-pvfk-o45-c2cd4916fae743b118c224c8230e2383,,
IPAB,,"This ad is sent on behalf of InvestorPlace Media at 1125 N. Charles Street, Baltimore, Maryland 21201. If you’re not interested in this opportunity, please click here and remove yourself from these offers.",unsubipab,2d85aa42-0d8a-497d-9b2d-610d5021167b,https://www.eleventabkite.com/o-pvfk-o45-eca5faed934a09e838b18737dc88e25f,,
IPJO,,"This ad is sent on behalf of InvestorPlace Media at 1125 N. Charles Street, Baltimore, Maryland 21201. If you’re not interested in this opportunity, please click here and remove yourself from these offers.",unsubipjo,5265e315-3b77-4622-a7aa-2c7312fc7eef,https://www.eleventabkite.com/o-pvfk-o45-8900729fb9dcb3f7f8693ad2879a79f9,,
IPMU,,"This ad is sent on behalf of InvestorPlace Media at 1125 N. Charles Street, Baltimore, Maryland 21201. If you’re not interested in this opportunity, please click here and remove yourself from these offers.",unsubipmu,6f5fa2a2-6185-495b-8ff9-d657f9332183,https://www.eleventabkite.com/o-pvfk-o45-0eea305f798ac518ca3200b0f392361e,,
IPCR ,,"This ad is sent on behalf of InvestorPlace Media at 1125 N. Charles Street, Baltimore, Maryland 21201. If you’re not interested in this opportunity, please click here and remove yourself from these offers.",unsubipcr,0143b792-f861-4b10-8d61-6e581b586a0a,https://www.eleventabkite.com/o-pvfk-o55-4e377ae371ff66ce2698002e6fb17d1d,,
IPOP,,"This ad is sent on behalf of InvestorPlace Media at 1125 N. Charles Street, Baltimore, Maryland 21201. If you’re not interested in this opportunity, please click here and remove yourself from these offers.",unsubipop,3bc11140-1c9a-4a98-b154-f4bbbfdb0de5,https://www.eleventabkite.com/o-pvfk-p65-5468df144f8750f00f39de4c04768ccf,,
SSGH,USUAL,"
50 W. Liberty St, Suite 420 Reno, NV 89501
Click here to unsubscribe  Gold Alliance does not provide legal, tax, investment, or financial advice. Seek advice from your own legal, tax, investment, and financial advisors before making an investment decision. Past performance is not a guarantee of future results.",unsubssgh,ebee82c8-1a9d-466b-9782-4323fdb197a3,https://www.bottlerailwaybat.com/o-gsrj-j43-f28a35716f2d20eead4ce0ac08167644,,
SSGL,USUAL,"
50 W. Liberty St, Suite 420 Reno, NV 89501
Click here to unsubscribe  Gold Alliance does not provide legal, tax, investment, or financial advice. Seek advice from your own legal, tax, investment, and financial advisors before making an investment decision. Past performance is not a guarantee of future results.",unsubssgl,02135685-4f6a-4ea1-9b1e-807fdd9266bf,https://www.bottlerailwaybat.com/o-gsrj-j43-f28a35716f2d20eead4ce0ac08167644,,
SSDL,USUAL,"
50 W. Liberty St, Suite 420 Reno, NV 89501
Click here to unsubscribe  Gold Alliance does not provide legal, tax, investment, or financial advice. Seek advice from your own legal, tax, investment, and financial advisors before making an investment decision. Past performance is not a guarantee of future results.",unsubssdl,a91dbcb5-ee79-4ce1-99f7-95f226d2c66e,https://www.pencilrockroad.com/o-gsrj-f22-964311210173df22153aa25900ea70f9,,
SSAA,,"This ad is sent on behalf of American Alternative Assets at 21550 W Oxnard St Ste 845, Woodland Hills, California 91367. If you're not interested in this opportunity, please click here and remove yourself from these offers.",unsubssaa,8da1d828-178e-4a85-b179-5760136de43a,https://www.pencilrockroad.com/o-tknq-p65-4d803966c0454dd94fe3a71484cab0b0,,
SSAB,,"This ad is sent on behalf of American Alternative Assets at 21550 W Oxnard St Ste 845, Woodland Hills, California 91367. If you're not interested in this opportunity, please click here and remove yourself from these offers.",,b9d3e5a2-3001-480f-a7db-03f4aa758193,https://www.pencilrockroad.com/o-tknq-p95-09ce5da4033a051ea92e3b6040d73a30,,
SSPG,,"This is an advertisement.
If you no longer wish to receive promotional messages from this advertiser, please unsubscribe here. Or write to: 5005 Lyndon B. Johnson Fwy. Suite 350 Dallas, TX 75244",unsubsspg,bb4a68da-592c-45fc-808f-bc55f12de136,https://www.pencilrockroad.com/o-hwcc-g32-c9919bdaa337f66e7a6e66b9ee975de6,,
SSPD,,"This is an advertisement.
If you no longer wish to receive promotional messages from this advertiser, please unsubscribe here. Or write to: 233 W38th St, Unit 68 New York, New York 10018-9998",unsubsspd,536b218f-bf8e-4817-8af9-c0f7de016f01,https://mf1394.ezepo.net/unsubscribe/1/65/1/f51397aec5e81f9d33ecf2631ded5967/?s1=&s2=&s3=,,
SSDG,,"50 W. Liberty St, Suite 420 Reno, NV 89501

Click here to unsubscribe

Gold Alliance does not provide legal, tax, investment, or financial advice.
Seek advice from your own legal, tax, investment, and financial advisros before making an investment decision. Past performance is not guarantee of future results.",unsubssdg,,https://www.pencilrockroad.com/o-gsrj-f12-dce2cd7e480d625249c5e31105269527,,
SSUG,,"If you would like to discontinue correspondence from all future updates, please Click Here.
You may also write to us at:
United Gold Trust
5550 Topanga Canyon Blvd. Suite 100
Woodland Hills, Ca 91367",unsubssug,,https://www.bottlerailwaybat.com/o-gsrj-j43-f28a35716f2d20eead4ce0ac08167644,,
SSTB,,"This is an advertisement. If you no longer wish to receive promotional messages from this advertiser, please unsubscribe here.

© Copyright 2024. All Rights Reserved",unsubsstb,d69f7640-6c6d-4c18-8cdb-8a8619a390d2,https://www.pencilrockroad.com/o-rxcz-p95-faa6ba8d67adfd80248fdc951903b8e6,,
SSAC,,"This is an advertisement. If you no longer wish to receive promotional messages from this advertiser, please unsubscribe here.

© Copyright 2024. All Rights Reserved",unsubssac,,https://www.pencilrockroad.com/o-rxcz-p95-0007d414bf6ae868115dfe84f2736b4b,,
SSST,,"This is an advertisement. If you no longer wish to receive promotional messages from this advertiser, please unsubscribe here.

© Copyright 2024. All Rights Reserved",unsubssst,,https://www.pencilrockroad.com/o-rxcz-p95-0007d414bf6ae8682f2c136309e6cc30,,
SSRC,,"This is an advertisement. If you no longer wish to receive promotional messages from this advertiser, please unsubscribe here.

© Copyright 2024. All Rights Reserved",unsubssrc,,https://www.pencilrockroad.com/o-rxcz-p95-0007d414bf6ae8686bd85c2b35e9d3a2,,
SSBL,,"This is an advertisement. If you no longer wish to receive promotional messages from this advertiser, please unsubscribe here.

© Copyright 2024. All Rights Reserved",unsubsslb,,https://www.pencilrockroad.com/o-rxcz-p95-0007d414bf6ae86842aaefda69198fa8,,
FTGR,USUAL,"If you would like to unsubscribe from receiving these offers, please click here.",,,https://go.weissratings.com/unsubscribe-wci.html,,
FTWT,USUAL,"If you would like to unsubscribe from receiving these offers, please click here.",,,https://go.weissratings.com/unsubscribe-wsc.html,,
FTRS,USUAL,"To unsubscribe, please click here. Or Write to: Healthy Digital Tomorrow,  1148 Pulaski Hwy. #732 Bear, DE 19701 US. Allow up to ten days for your record to be updated.",,,https://www.accessibleabsence.com/u1984a885777862a000/,,
FTNC,USUAL,"To unsubscribe, please click here. Or Write to: Healthy Digital Tomorrow, 1148 Pulaski Hwy. #732 Bear, DE 19701 US. Allow up to ten days for your record to be updated",,,https://www.accessibleabsence.com/u1984a884ebc5993000/,,
SSWC,USUAL,"This is an advertisement. If you no longer wish to receive promotional messages from this advertiser, please unsubscribe here. Or write to: 233 W38th St, Unit 68 New York, New York 10018-9998",,,http://www.onetabcork.com/o-hntl-i33-88e824247882fdfecb6ddea1ea3c9159,,
SSMS,USUAL,"This is an advertisement. If you no longer wish to receive promotional messages from this advertiser, please unsubscribe here. Or write to: 233 W38th St, Unit 68 New York, New York 10018-9998",,,http://www.onetabcork.com/o-hntl-i33-88e824247882fdfe4214c25747ea501b,,
SSGT,USUAL,"This is an advertisement. If you no longer wish to receive promotional messages from this advertiser, please unsubscribe here. Or write to: 233 W38th St, Unit 68 New York, New York 10018-9998",,,https://www.redwheelprint.com/o-gsrj-i23-8021ca8f424c60ca7ff186a77a56a84d,,
SSAG,USUAL,"This is an advertisement. If you no longer wish to receive promotional messages from this advertiser, please unsubscribe here. Or write to: 233 W38th St, Unit 68 New York, New York 10018-9998",,,https://www.itemlaketime.com/o-fcpk-i03-797ad4e9ecac696abfc74803435d73b2,,
SSUG,USUAL,"If you would like to discontinue correspondence from all future updates, please Click Here. You may also write to us at: United Gold Trust, 5550 Topanga Canyon Blvd. Suite 100 Woodland Hills, Ca 91367",,,https://www.redwheelprint.com/o-gsrj-i23-8021ca8f424c60ca7ff186a77a56a84d,,
SSWR,USUAL,"This is an advertisement. If you no longer wish to receive promotional messages from this advertiser, please unsubscribe here. Or
write to: 233 W38th St, Unit 68 New York, New York 10018-9998",,,http://www.onetabcork.com/o-hntl-i33-a82c39724208e425c99a03ec276ac286,,
SSDD,USUAL,"This is an advertisement. If you no longer wish to receive promotional messages from this advertiser, please unsubscribe here. Or
write to: 233 W38th St, Unit 68 New York, New York 10018-9998",,,http://www.onetabcork.com/o-hntl-i33-a82c39724208e42519c9aceb3db27f4d,,
IINI,USUAL,"This ad is sent on behalf of InvestorPlace at 1125 N. Charles Street, Baltimore, Maryland 21201. If you’re not interested in this opportunity, please click here and remove yourself from these offers.",,,https://www.keytenkite.com/o-dvxx-i23-e6174363c291914a738c88604358416b,,
IPCA,USUAL,"This ad is sent on behalf of InvestorPlace at 1125 N. Charles Street, Baltimore, Maryland 21201. If you’re not interested in this opportunity, please click here and remove yourself from these offers.",,,https://www.keytenkite.com/o-dvxx-j43-351f4f5ddee235ddcdd334f86057527f,,
IOCTO,USUAL,"This ad is sent on behalf of InvestorPlace at 1125 N. Charles Street, Baltimore, Maryland 21201. If you’re not interested in this opportunity, please click here and remove yourself from these offers.",,,https://www.keytenkite.com/o-dvxx-i23-e6174363c291914a9b2c8411e4318193,,
ITCTO,USUAL,"This ad is sent on behalf of InvestorPlace at 1125 N. Charles Street, Baltimore, Maryland 21201. If you’re not interested in this opportunity, please click here and remove yourself from these offers.",,,https://www.keytenkite.com/o-dvxx-i23-e6174363c291914a926126577307900e,,
INCTO,USUAL,"This ad is sent on behalf of InvestorPlace at 1125 N. Charles Street, Baltimore, Maryland 21201. If you’re not interested in this opportunity, please click here and remove yourself from these offers.",,,https://www.keytenkite.com/o-dvxx-i23-e6174363c291914a738c88604358416b,,
IPMCTO,USUAL,"This ad is sent on behalf of InvestorPlace at 1125 N. Charles Street, Baltimore, Maryland 21201. If you’re not interested in this opportunity, please click here and remove yourself from these offers.",,,https://www.keytenkite.com/o-dvxx-i23-e6174363c291914a926126577307900e,,
WSDM,USUAL,"This ad is sent on behalf of Weiss Ratings, LLC at 4400 Northcorp Pkwy Palm Beach Gardens, FL 33410. If you’re not interested in this opportunity from, Weiss Ratings, LLC please click here and remove yourself from these offers. This offer is brought to you by [Affiliate name]. [Insert physical address of affiliate].  If you would like to unsubscribe from receiving offers brought to you by [Affiliate name] click here.”",,,https://www.onetabcork.com/o-hntl-k73-b615156c31352391afc27b119eb95095,,
IPCC,USUAL,"This ad is sent on behalf of InvestorPlace at 1125 N. Charles Street, Baltimore, Maryland 21201. If you’re not interested in this opportunity, please click here and remove yourself from these offers.",,,https://www.keytenkite.com/o-dvxx-k83-1bf30b7c662a190a5a1dd09275c4ba9d,,
WSSW,USUAL,"This ad is sent on behalf of Weiss Ratings, LLC at 4400 Northcorp Pkwy Palm Beach Gardens, FL 33410. If you’re not interested in this opportunity from, Weiss Ratings, LLC please click here and remove yourself from these offers. This offer is brought to you by [Affiliate name]. [Insert physical address of affiliate].  If you would like to unsubscribe from receiving offers brought to you by [Affiliate name] click here.”",,,https://www.onetabcork.com/o-hntl-k73-826ed30aee64d736d87ecc0eeeee9c72,,
IPLM,USUAL,"This ad is sent on behalf of InvestorPlace at 1125 N. Charles Street, Baltimore, Maryland 21201. If you’re not interested in this opportunity, please click here and remove yourself from these offers.",unsubiplm,a5c1b234-dc42-4ab6-ab0b-5ee0adee33e5,https://www.keytenkite.com/o-dvxx-j43-dad95074f30a9f48233f3ed377acea68,,
OPOD,USUAL,"This ad is sent on behalf of InvestorPlace Media at 1125 N. Charles Street, Baltimore, Maryland 21201. If you’re not interested in this opportunity, please click here and remove yourself from these offers.",unsubopod,b84c9a8d-33a6-49ee-9985-b21503ce444d,https://www.keytenkite.com/o-dvxx-k04-d5652a1d6e9d29e3b151444881bd7f0d,,
TNC,USUAL,"This ad is sent on behalf of InvestorPlace at 1125 N. Charles Street, Baltimore, Maryland 21201. If you’re not interested in this opportunity, please click here and remove yourself from these offers.",unsubtnc,4fcb65eb-79d5-43fe-8b46-3e90835542e6,https://www.keytenkite.com/o-dvxx-i23-e6174363c291914a926126577307900e,,
IPGT,USUAL,"This ad is sent on behalf of InvestorPlace at 1125 N. Charles Street, Baltimore, Maryland 21201. If you’re not interested in this opportunity, please click here and remove yourself from these offers.
 

",unsubipgt,1080a96e-4d39-406f-b6b6-1af8f86d9da7,https://www.keytenkite.com/o-dvxx-k73-00162ed8986eae8f6952475a50684eee,,
IPAC,USUAL,"This ad is sent on behalf of InvestorPlace at 1125 N. Charles Street, Baltimore, Maryland 21201. If you’re not interested in this opportunity, please click here and remove yourself from these offers.
 

",unsubipac,243af816-49a7-43d0-9b40-dc79d804ac65,https://www.keytenkite.com/o-dvxx-k93-c870b47c308a968ef2afba05882a47b3,,
IPOS,USUAL,"This ad is sent on behalf of InvestorPlace at 1125 N. Charles Street, Baltimore, Maryland 21201. If you’re not interested in this opportunity, please click here and remove yourself from these offers.
 

",unsubipos,7daf86d9-da64-4044-8613-d3d465e624e9,https://www.keytenkite.com/o-dvxx-k93-6bef51b21a9289d5a1cbc27557091139,,
IPSL,USUAL,"This ad is sent on behalf of InvestorPlace at 1125 N. Charles Street, Baltimore, Maryland 21201. If you’re not interested in this opportunity, please click here and remove yourself from these offers.
 

",unsubipsl,bc66ed15-259c-4ca5-8dac-e80befbe647f,https://www.keytenkite.com/o-dvxx-k04-136791a215732044b4aff41902fc0450,,
IPIR,USUAL,"This ad is sent on behalf of InvestorPlace at 1125 N. Charles Street, Baltimore, Maryland 21201. If you’re not interested in this opportunity, please click here and remove yourself from these offers.
 

",unsubipir,7af3e39d-eab1-4de9-b6b5-2e1d193a75cf,https://www.keytenkite.com/o-dvxx-l14-639511b56dda122a2a26c84ecc2b8419,,
IPBL,USUAL,"This ad is sent on behalf of InvestorPlace at 1125 N. Charles Street, Baltimore, Maryland 21201. If you’re not interested in this opportunity, please click here and remove yourself from these offers.
 

",unsubipbl,3e031eb7-086f-4df2-9e61-65f0061fe101,https://www.keytenkite.com/o-dvxx-l34-333dbc12e8aad7115d1931a699e367cd,,
IPJW,USUAL,"This ad is sent on behalf of InvestorPlace at 1125 N. Charles Street, Baltimore, Maryland 21201. If you’re not interested in this opportunity, please click here and remove yourself from these offers.
 

",unsubipjw,663b6b5a-3e0c-4df4-a6c7-6317d483bf0c,https://www.keytenkite.com/o-dvxx-l34-5806fe70efe0ada3c28cff5feaaf0cc7,,
IPDX,USUAL,"This ad is sent on behalf of InvestorPlace at 1125 N. Charles Street, Baltimore, Maryland 21201. If you’re not interested in this opportunity, please click here and remove yourself from these offers.
 

",unsubipdx,cafd67e9-0010-41c4-9410-ffecac7d2e53,https://www.keytenkite.com/o-dvxx-l34-fea851ecccc19f669b6f4a38d014530c,,
IPBH,USUAL,"This ad is sent on behalf of InvestorPlace at 1125 N. Charles Street, Baltimore, Maryland 21201. If you’re not interested in this opportunity, please click here and remove yourself from these offers.
 

",unsubipbh,011b9365-32fe-4de5-a6ec-cba61fca8956,https://www.keytenkite.com/o-dvxx-l34-052d929b7548a405f2356c93afd1720c,,
IPEV,USUAL,"This ad is sent on behalf of InvestorPlace at 1125 N. Charles Street, Baltimore, Maryland 21201. If you’re not interested in this opportunity, please click here and remove yourself from these offers.",unsubipev,034d6d3e-87d4-4071-b726-d1cba20a3128,https://www.keytenkite.com/o-dvxx-l24-3ec19cd17432e30be498d26b91171215,,
IPUI,USUAL,"This ad is sent on behalf of InvestorPlace at 1125 N. Charles Street, Baltimore, Maryland 21201. If you’re not interested in this opportunity, please click here and remove yourself from these offers.",unsubipui,7571ae4a-1bb9-433f-b8df-f28153736942,https://www.keytenkite.com/o-dvxx-l14-3303140335b8bfa3a25e84f7c09c9ad5,,
IPSS,USUAL,"This ad is sent on behalf of InvestorPlace at 1125 N. Charles Street, Baltimore, Maryland 21201. If you’re not interested in this opportunity, please click here and remove yourself from these offers.",unsubipss,625630b2-b576-4362-aeb3-7f4386bcfc9c,https://www.keytenkite.com/o-dvxx-l14-b5a9894c6e9718bd825ea37a84ac38a1,,
IPID,USUAL,"This ad is sent on behalf of InvestorPlace at 1125 N. Charles Street, Baltimore, Maryland 21201. If you’re not interested in this opportunity, please click here and remove yourself from these offers.",unsubipid,05ff50ec-bab4-49e4-ad3f-7b2d8a5a498d,https://www.keytenkite.com/o-dvxx-l24-5f662b73849d350c2f17c36f1ef2e14a,,
WSWF,,"11780 US Highway 1,
Palm Beach Gardens, FL 33408-3080
Copyright © 2024 Weiss Ratings. All rights reserved.",,,,,
WSNH,,"
11780 US Highway 1,
Palm Beach Gardens, FL 33408-3080
Would you like to edit your e-mail notification preferences or unsubscribe from our mailing list?
Copyright © 2024 Weiss Ratings. All rights reserved.",,fdc24d7b-9c30-4637-9235-dd10a8b35544,https://www.onetabcork.com/o-hntl-q06-86909d3da6602e9ae7d03d722b89b2ee,,
WSNB,USUAL,"4400 Northcorp Parkway,
Palm Beach Gardens, Fl 33410, USA
Would you like to edit your e-mail notification preferences or unsubscribe from our mailing list?

Copyright © 2024 Weiss Ratings. All rights reserved.",unsubwsnb,de97805e-97c2-4874-a151-e191cab4b4da,https://www.onetabcork.com/o-hntl-k73-826ed30aee64d736ce63e4a53dcbbb8d,,
WSNC,,"11780 US Highway 1,
Palm Beach Gardens, FL 33408-3080
Would you like to edit your e-mail notification preferences or unsubscribe from our mailing list?
Copyright © 2024 Weiss Ratings. All rights reserved.",unsubwsnc,de096925-5a6c-487b-b341-6aa7019c637a,https://www.onetabcork.com/o-hntl-n05-39e35a9dfb33e628603ac9c98df817d7,,
WSLL,USUAL,"11780 US Highway 1,
Palm Beach Gardens, FL 33408-3080
Would you like to edit your e-mail notification preferences or unsubscribe from our mailing list?
Copyright © 2024 Weiss Ratings. All rights reserved.",unsubwsll,a1c0a140-e646-444a-97ea-1f90c6d17c6f,https://www.onetabcork.com/o-hntl-m84-a44ce4b953960e719c4ce9fe3df656e9,,
WSCC,USUAL,"11780 US Highway 1,Suite 201 Palm Beach Gardens, FL 33408-3080
Palm Beach Gardens, Fl 33410, USA
Would you like to edit your e-mail notification preferences or unsubscribe from our mailing list?
Copyright © 2024 Weiss Ratings. All rights reserved.",unsubwscc,4a21cc6b-bfa4-48f4-8d8f-aa62877c2588,https://www.onetabcork.com/o-hntl-m84-cd8494753617788dd2b8f179b22189bd,,
WSBL,USUAL,"11780 US Highway 1, Suite 201,
Palm Beach Gardens, Fl 33408-3080, USA
Would you like to edit your e-mail notification preferences or unsubscribe from our mailing list?

Copyright © 2024 Weiss Ratings. All rights reserved.",unsubwsbl,,https://www.onetabcork.com/o-hntl-k93-906ea6ef6e9a40bdffdc7e127b401c54,,
WSBS,USUAL,"400 Northcorp Parkway,
Palm Beach Gardens, Fl 33410, USA
Would you like to edit your e-mail notification preferences or unsubscribe from our mailing list?

Copyright © 2024 Weiss Ratings. All rights reserved.",unsubwsbs,,https://www.onetabcork.com/o-hntl-k93-412b6911297722381c00f354eb1f8bfc,,
WSRE,USUAL,"11780 US Highway 1, Suite 201,
Palm Beach Gardens, FL 33408-3080
Would you like to edit your e-mail notification preferences or unsubscribe from our mailing list?

Copyright © 2024 Weiss Ratings. All rights reserved.",unsubwsre,,https://www.onetabcork.com/o-hntl-k93-906ea6ef6e9a40bd4dfba7bc196cef71,,
WSDH,USUAL,"11780 US Highway 1,
Palm Beach Gardens, FL 33408-3080
Would you like to edit your e-mail notification preferences or unsubscribe from our mailing list?
Copyright © 2024 Weiss Ratings. All rights reserved.",unsubwsdh,,https://www.onetabcork.com/o-hntl-m74-863ab5a5b10389e3d92701ebe59b2929,,
WSCP,USUAL,"11780 US Highway 1, Suite 201,
Palm Beach Gardens, FL 33408-3080
Would you like to edit your e-mail notification preferences or unsubscribe from our mailing list?

Copyright © 2024 Weiss Ratings. All rights reserved.",unsubwscp,,https://www.onetabcork.com/o-hntl-k93-906ea6ef6e9a40bd4dfba7bc196cef71,,
WSFC,USUAL,"11780 US Highway 1
Palm Beach Gardens, FL 33408-3080
Would you like to edit your e-mail notification preferences or unsubscribe from our mailing list?
Copyright © 2024 Weiss Ratings. All rights reserved.",unsubwsfc,cfa8ca81-2871-4939-b83c-5be15c6bb06d,https://www.onetabcork.com/o-hntl-m54-64fac3145e19019b24ee82c94dd8694c,,
WSDL,USUAL,"11780 US Highway 1,
Palm Beach Gardens, FL 33408-3080
Would you like to edit your e-mail notification preferences or unsubscribe from our mailing list?
Copyright © 2024 Weiss Ratings. All rights reserved.",unsubwsdl,36b7a815-180a-44d8-ae53-7572348055c0,https://www.onetabcork.com/o-hntl-p95-cdd1afae15336390d1f1384dee4f39ad,,
WSDT,USUAL,"11780 US Highway 1,
Palm Beach Gardens, FL 33408-3080
Would you like to edit your e-mail notification preferences or unsubscribe from our mailing list?
Copyright © 2024 Weiss Ratings. All rights reserved.",unsubwsdt,b9ded97a-1f98-4ace-9a5e-331a73792071,https://www.onetabcork.com/o-hntl-m64-707fb55a0f1e280545de5aab97610d48,,
WSEP,USUAL,"11780 US Highway 1,
Palm Beach Gardens, FL 33408-3080
Would you like to edit your e-mail notification preferences or unsubscribe from our mailing list?
Copyright © 2024 Weiss Ratings. All rights reserved.",unsubwsep,"c7223555-fca3-404b-8de3-ef0fb132bdd5
",https://www.onetabcork.com/o-hntl-n94-5383785dc25f363094d90bec6c243956,,
WSHA,USUAL,"11780 US Highway 1,
Palm Beach Gardens, FL 33408-3080
Would you like to edit your e-mail notification preferences or unsubscribe from our mailing list?
Copyright © 2024 Weiss Ratings. All rights reserved.",unsubwsha,462588c3-5345-4854-b7eb-eb3d98474968,https://www.onetabcork.com/o-hntl-n94-5383785dc25f3630e4a7cb9b959f46a0,,
WSHE,USUAL,"11780 US Highway 1,
Palm Beach Gardens, FL 33408-3080
Would you like to edit your e-mail notification preferences or unsubscribe from our mailing list?
Copyright © 2024 Weiss Ratings. All rights reserved.",unsubwshe,ae69d2f4-9eb4-4f72-9df5-e6c97d39ace7,https://www.onetabcork.com/o-hntl-n15-4873b9231f97cfbcf9157d8fd3e9b60c,,
WSWV,USUAL,"11780 US Highway 1,
Palm Beach Gardens, FL 33408-3080
Would you like to edit your e-mail notification preferences or unsubscribe from our mailing list?
Copyright © 2024 Weiss Ratings. All rights reserved.",unsubwswv,02a1ed74-8c06-4305-a60c-bc0c7d90f8ae,https://www.onetabcork.com/o-hntl-n15-f916a89ad895fcc02d46197c154385e2,,
WSOR,USUAL,"11780 US Highway 1,
Palm Beach Gardens, FL 33408-3080
Would you like to edit your e-mail notification preferences or unsubscribe from our mailing list?
Copyright © 2024 Weiss Ratings. All rights reserved.",unsubwsor,c3a18b21-ae0e-4d9a-b89a-5eb5e44f6875,https://www.onetabcork.com/o-hntl-o25-db0d54eb1318e1ccc1f0255f3c793ce8,,
WSMT,USUAL,"11780 US Highway 1,
Palm Beach Gardens, FL 33408-3080
Would you like to edit your e-mail notification preferences or unsubscribe from our mailing list?
Copyright © 2024 Weiss Ratings. All rights reserved.",unsubwsmt,ad15c252-50be-4594-be08-79cd062b0b12,https://www.onetabcork.com/o-hntl-o35-7656e00b8a71d65fe581086295f060a6,,
WSAT,USUAL,"11780 US Highway 1,
Palm Beach Gardens, FL 33408-3080
Would you like to edit your e-mail notification preferences or unsubscribe from our mailing list?
Copyright © 2024 Weiss Ratings. All rights reserved.",unsubwsat,4c1d7ff4-47f6-48b8-b162-d103c368c98e,https://www.onetabcork.com/o-hntl-o45-5a8486711b306120b5fd5f773f624792,,
WSNV,USUAL,"11780 US Highway 1,
Palm Beach Gardens, FL 33408-3080
Would you like to edit your e-mail notification preferences or unsubscribe from our mailing list?
Copyright © 2024 Weiss Ratings. All rights reserved.",unsubwsnv,f06675e8-e2e3-4805-9221-0d57fcdec4b1,https://www.onetabcork.com/o-hntl-o55-f0caf6ad94f63d5e094a96a273ba9bde,,
WSCO,USUAL,"11780 US Highway 1,
Palm Beach Gardens, FL 33408-3080
Would you like to edit your e-mail notification preferences or unsubscribe from our mailing list?
Copyright © 2024 Weiss Ratings. All rights reserved.",unsubwsco,428bf2ac-f7df-4e88-9920-a92c344e245e,https://www.onetabcork.com/o-hntl-o55-a7444e37dd834f76ef8ddaad0a1d016f,,
WSKG,USUAL,"11780 US Highway 1,
Palm Beach Gardens, FL 33408-3080
Would you like to edit your e-mail notification preferences or unsubscribe from our mailing list?
Copyright © 2024 Weiss Ratings. All rights reserved.",unsubwskg,bdfa7c83-4f5e-4de2-91bb-90600c6481a8,https://www.onetabcork.com/o-hntl-p65-754b243d8ab89d487eee606a652bf8c0,,
WSUD,USUAL,"11780 US Highway 1,
Palm Beach Gardens, FL 33408-3080
Would you like to edit your e-mail notification preferences or unsubscribe from our mailing list?
Copyright © 2024 Weiss Ratings. All rights reserved.",unsubwsud,769cc67f-690c-481a-8529-f5219e75391d,https://www.onetabcork.com/o-hntl-p65-5468df144f8750f06c2492e6d89b304c,,
WSCA,USUAL,"11780 US Highway 1,
Palm Beach Gardens, FL 33408-3080
Would you like to edit your e-mail notification preferences or unsubscribe from our mailing list?
Copyright © 2024 Weiss Ratings. All rights reserved.",unsubwsca,ee9ae323-6fad-4d56-8195-e890155252ae,https://www.onetabcork.com/o-hntl-p85-b8a1b2cec7c182daef9999cf4d215c98,,
WSSP,USUAL,"11780 US Highway 1,
Palm Beach Gardens, FL 33408-3080
Would you like to edit your e-mail notification preferences or unsubscribe from our mailing list?
Copyright © 2024 Weiss Ratings. All rights reserved.",unsubwssp,80689096-319d-4265-a2ff-bede925980ba,https://www.onetabcork.com/o-hntl-p95-fe7af77d2b7f680a791245f832242062,,
IAOI\IAYC\IALR\IAXI,,"This message from Investors Alley is being sent in full accordance with the CAN-SPAM Act.
We respect your privacy and, therefore, this email was sent directly from Investors Alley.  Please review our Privacy Statement and Terms of Use. 
If you no longer wish to receive emails from Investors Alley, please opt-out using the link below.

Information contained in this email and websites maintained by FinancialAnswers.io LLC (dba Investors Alley) are provided for educational purposes only and are neither an offer nor a recommendation to buy or sell any security, options on equities, or cryptocurrency. FinancialAnswers and its affiliates may hold a position in any of the companies mentioned. FinancialAnswers is neither a registered investment adviser nor a broker-dealer and does not provide customized or personalized recommendations. Any one-on-one coaching or similar products or services offered by or through FinancialAnswers or Investors Alley does not provide or constitute personal advice, does not take into consideration and is not based on the unique or specific needs, objectives or financial circumstances of any person, and is intended for educational purposes only. Past performance is not necessarily indicative of future results. No trading strategy is risk free. Trading and investing involve substantial risk, and you may lose the entire amount of your principal investment or more. You should trade or invest only ""risk capital"" - money you can afford to lose. Trading and investing is not appropriate for everyone. We urge you to conduct your own research and due diligence and obtain professional advice from your personal financial adviser or investment broker before making any investment decision.

All information contained herein is copyright 2024, FinancialAnswers.io LLC
FinancialAnswers | 250 W 34th St | Suite 3910 | New York, NY  10119",touial,b36a245e-33a9-401d-8df8-ede28dd2dcf3,https://www.investorsalley.com/terms-of-use/,,
IADD,,"Information contained in this email and websites maintained by Magnifi Communities LLC (dba Investors Alley) are provided for educational purposes only and are neither an offer nor a recommendation to buy or sell any security, options on equities, or cryptocurrency. Magnifi Communities and its affiliates may hold a position in any of the companies mentioned. Magnifi Communities is neither a registered investment adviser nor a broker-dealer and does not provide customized or personalized recommendations. Any one-on-one coaching or similar products or services offered by or through Magnifi Communities or Investors Alley does not provide or constitute personal advice, does not take into consideration and is not based on the unique or specific needs, objectives or financial circumstances of any person, and is intended for educational purposes only. Past performance is not necessarily indicative of future results. No trading strategy is risk free. Trading and investing involve substantial risk, and you may lose the entire amount of your principal investment or more. You should trade or invest only ""risk capital"" - money you can afford to lose. Trading and investing is not appropriate for everyone. We urge you to conduct your own research and due diligence and obtain professional advice from your personal financial adviser or investment broker before making any investment decision.

All information contained herein is copyright 2024, Magnifi Communities LLC
Magnifi Communities | 250 W 34th St | Suite 3910 | New York, NY  10119
 ",,,,,
IAL / IALB  ,,"Information contained in this email and websites maintained by Magnifi Communities LLC (dba Investors Alley) are provided for educational purposes only and are neither an offer nor a recommendation to buy or sell any security, options on equities, or cryptocurrency. Magnifi Communities and its affiliates may hold a position in any of the companies mentioned. Magnifi Communities is neither a registered investment adviser nor a broker-dealer and does not provide customized or personalized recommendations. Any one-on-one coaching or similar products or services offered by or through Magnifi Communities or Investors Alley does not provide or constitute personal advice, does not take into consideration and is not based on the unique or specific needs, objectives or financial circumstances of any person, and is intended for educational purposes only. Past performance is not necessarily indicative of future results. No trading strategy is risk free. Trading and investing involve substantial risk, and you may lose the entire amount of your principal investment or more. You should trade or invest only ""risk capital"" - money you can afford to lose. Trading and investing is not appropriate for everyone. We urge you to conduct your own research and due diligence and obtain professional advice from your personal financial adviser or investment broker before making any investment decision.

All information contained herein is copyright 2024, Magnifi Communities LLC
Magnifi Communities | 250 W 34th St | Suite 3910 | New York, NY  10119",,,,,
IAMW,,"This ad is sent on behalf of Marketworks Administrative Services.

“Net Return"" refers to the annualized internal rate of return net of all fees and costs, calculated from the offering closing date to the date the sale is consummated. IRR may not be indicative of Masterworks paintings not yet sold and past performance is not indicative of future results. 


Masterworks is “testing the waters” under Regulation A under the Securities Act of 1933. Masterworks will only be able to make sales after an offering statement has been filed with the Securities and Exchange Commission (SEC) and the SEC has “qualified” the offering statement. no money or other consideration is being solicited, and if sent in response, will not be accepted. no offer to buy the securities can be accepted and no part of the purchase price can be received until the offering statement filed by the issuer with the SEC has been qualified by the SEC, any such offer may be withdrawn or revoked, without obligation or commitment of any kind, at any time before notice of acceptance given after the date of qualification. an indication of interest involves no obligation or commitment of any kind. You must read the offering documents filed with the SEC before investing and the additional information available at www.masterworks.com/disclaimer. ",,,http://www.masterworks.com/disclaimer,,
IADL,,"
Information contained in this email and websites maintained by Magnifi Communities LLC (dba Investors Alley) are provided for educational purposes only and are neither an offer nor a recommendation to buy or sell any security, options on equities, or cryptocurrency. Magnifi Communities and its affiliates may hold a position in any of the companies mentioned. Magnifi Communities is neither a registered investment adviser nor a broker-dealer and does not provide customized or personalized recommendations. Any one-on-one coaching or similar products or services offered by or through Magnifi Communities or Investors Alley does not provide or constitute personal advice, does not take into consideration and is not based on the unique or specific needs, objectives or financial circumstances of any person, and is intended for educational purposes only. Past performance is not necessarily indicative of future results. No trading strategy is risk free. Trading and investing involve substantial risk, and you may lose the entire amount of your principal investment or more. You should trade or invest only ""risk capital"" - money you can afford to lose. Trading and investing is not appropriate for everyone. We urge you to conduct your own research and due diligence and obtain professional advice from your personal financial adviser or investment broker before making any investment decision.

All information contained herein is copyright 2024, Magnifi Communities LLC
Magnifi Communities | 250 W 34th St | Suite 3910 | New York, NY  10119",,,,,
IAHI,,"Information contained in this email and websites maintained by Magnifi Communities LLC (dba Investors Alley) are provided for educational purposes only and are neither an offer nor a recommendation to buy or sell any security, options on equities, or cryptocurrency. Magnifi Communities and its affiliates may hold a position in any of the companies mentioned. Magnifi Communities is neither a registered investment adviser nor a broker-dealer and does not provide customized or personalized recommendations. Any one-on-one coaching or similar products or services offered by or through Magnifi Communities or Investors Alley does not provide or constitute personal advice, does not take into consideration and is not based on the unique or specific needs, objectives or financial circumstances of any person, and is intended for educational purposes only. Past performance is not necessarily indicative of future results. No trading strategy is risk free. Trading and investing involve substantial risk, and you may lose the entire amount of your principal investment or more. You should trade or invest only ""risk capital"" - money you can afford to lose. Trading and investing is not appropriate for everyone. We urge you to conduct your own research and due diligence and obtain professional advice from your personal financial adviser or investment broker before making any investment decision.

All information contained herein is copyright 2022, Magnifi Communities LLC.


Magnifi Communities | 250 W 34th St | Suite 3910 | New York, NY 10119",,,,,
IADG ,,"Information contained in this email and websites maintained by Magnifi Communities LLC (dba Investors Alley) are provided for educational purposes only and are neither an offer nor a recommendation to buy or sell any security, options on equities, or cryptocurrency. Magnifi Communities and its affiliates may hold a position in any of the companies mentioned. Magnifi Communities is neither a registered investment adviser nor a broker-dealer and does not provide customized or personalized recommendations. Any one-on-one coaching or similar products or services offered by or through Magnifi Communities or Investors Alley does not provide or constitute personal advice, does not take into consideration and is not based on the unique or specific needs, objectives or financial circumstances of any person, and is intended for educational purposes only. Past performance is not necessarily indicative of future results. No trading strategy is risk free. Trading and investing involve substantial risk, and you may lose the entire amount of your principal investment or more. You should trade or invest only ""risk capital"" - money you can afford to lose. Trading and investing is not appropriate for everyone. We urge you to conduct your own research and due diligence and obtain professional advice from your personal financial adviser or investment broker before making any investment decision.

All information contained herein is copyright 2024, Magnifi Communities LLC.",,,,,
IASN,,"Information contained in this email and websites maintained by Magnifi Communities LLC (dba Investors Alley) are provided for educational purposes only and are neither an offer nor a recommendation to buy or sell any security, options on equities, or cryptocurrency. Magnifi Communities and its affiliates may hold a position in any of the companies mentioned. Magnifi Communities is neither a registered investment adviser nor a broker-dealer and does not provide customized or personalized recommendations. Any one-on-one coaching or similar products or services offered by or through Magnifi Communities or Investors Alley does not provide or constitute personal advice, does not take into consideration and is not based on the unique or specific needs, objectives or financial circumstances of any person, and is intended for educational purposes only. Past performance is not necessarily indicative of future results. No trading strategy is risk free. Trading and investing involve substantial risk, and you may lose the entire amount of your principal investment or more. You should trade or invest only ""risk capital"" - money you can afford to lose. Trading and investing is not appropriate for everyone. We urge you to conduct your own research and due diligence and obtain professional advice from your personal financial adviser or investment broker before making any investment decision.

All information contained herein is copyright 2024, Magnifi Communities LLC.  ",,,,,
EPNO,,"This email has been sent to you by a third party on behalf of Eagle Financial Publications. You are receiving this email because you have previously opted in to receive communications from them. The list on which your email address appears is owned and operated by this third party. If you no longer wish to receive emails from this sender, you may opt out at any time by clicking on the unsubscribe link provided below or simply reply to this email with the word “UNSUBSCRIBE”

Copyright: Eagle Products, LLC – a Salem Communications Holding Company. All rights reserved. 122 C Street NW, Suite 515, Washington, DC 20001
Privacy Policy",,,https://salemmedia.com/eagle-financial-publications-privacy-policy/,,
EPKE ,,"This email has been sent to you by a third party on behalf of Eagle Financial Publications. You are receiving this email because you have previously opted in to receive communications from them. The list on which your email address appears is owned and operated by this third party. If you no longer wish to receive emails from this sender, you may opt out at any time by clicking on the unsubscribe link provided below or simply reply to this email with the word “UNSUBSCRIBE”

Copyright: Eagle Products, LLC – a Salem Communications Holding Company. All rights reserved. 122 C Street NW, Suite 515, Washington, DC 20001
Privacy Policy",,,https://salemmedia.com/eagle-financial-publications-privacy-policy/,,
EPQM,,"This email has been sent to you by a third party on behalf of Eagle Financial Publications. You are receiving this email because you have previously opted in to receive communications from them. The list on which your email address appears is owned and operated by this third party. If you no longer wish to receive emails from this sender, you may opt out at any time by clicking on the unsubscribe link provided below or simply reply to this email with the word “UNSUBSCRIBE”

Copyright: Eagle Products, LLC – a Salem Communications Holding Company. All rights reserved. 122 C Street NW, Suite 515, Washington, DC 20001
Privacy Policy",,,https://salemmedia.com/eagle-financial-publications-privacy-policy/,,
EPIS,,"This email has been sent to you by a third party on behalf of Eagle Financial Publications. You are receiving this email because you have previously opted in to receive communications from them. The list on which your email address appears is owned and operated by this third party. If you no longer wish to receive emails from this sender, you may opt out at any time by clicking on the unsubscribe link provided below or simply reply to this email with the word “UNSUBSCRIBE”

Copyright: Eagle Products, LLC – a Salem Communications Holding Company. All rights reserved. 122 C Street NW, Suite 515, Washington, DC 20001
Privacy Policy",,,https://salemmedia.com/eagle-financial-publications-privacy-policy/,,
EPRW,,"This email has been sent to you by a third party on behalf of Eagle Financial Publications. You are receiving this email because you have previously opted in to receive communications from them. The list on which your email address appears is owned and operated by this third party. If you no longer wish to receive emails from this sender, you may opt out at any time by clicking on the unsubscribe link provided below or simply reply to this email with the word “UNSUBSCRIBE”

Copyright: Eagle Products, LLC – a Salem Communications Holding Company. All rights reserved. 122 C Street NW, Suite 515, Washington, DC 20001
Privacy Policy",,,https://salemmedia.com/eagle-financial-publications-privacy-policy/,,
EPRL,,"This email has been sent to you by a third party on behalf of Eagle Financial Publications. You are receiving this email because you have previously opted in to receive communications from them. The list on which your email address appears is owned and operated by this third party. If you no longer wish to receive emails from this sender, you may opt out at any time by clicking on the unsubscribe link provided below or simply reply to this email with the word “UNSUBSCRIBE”

Copyright: Eagle Products, LLC – a Salem Communications Holding Company. All rights reserved. 122 C Street NW, Suite 515, Washington, DC 20001
Privacy Policy",,,https://salemmedia.com/eagle-financial-publications-privacy-policy/,,
EPPP,,"This email has been sent to you by a third party on behalf of Eagle Financial Publications. You are receiving this email because you have previously opted in to receive communications from them. The list on which your email address appears is owned and operated by this third party. If you no longer wish to receive emails from this sender, you may opt out at any time by clicking on the unsubscribe link provided below or simply reply to this email with the word “UNSUBSCRIBE”

Copyright: Eagle Products, LLC – a Salem Communications Holding Company. All rights reserved. 122 C Street NW, Suite 515, Washington, DC 20001
Privacy Policy",,,https://salemmedia.com/eagle-financial-publications-privacy-policy/,,
EPGT,,"This email has been sent to you by a third party on behalf of Eagle Financial Publications. You are receiving this email because you have previously opted in to receive communications from them. The list on which your email address appears is owned and operated by this third party. If you no longer wish to receive emails from this sender, you may opt out at any time by clicking on the unsubscribe link provided below or simply reply to this email with the word “UNSUBSCRIBE”

Copyright: Eagle Products, LLC – a Salem Communications Holding Company. All rights reserved. 122 C Street NW, Suite 515, Washington, DC 20001
Privacy Policy",,,https://salemmedia.com/eagle-financial-publications-privacy-policy/,,
EPMS,,"This email has been sent to you by a third party on behalf of Eagle Financial Publications. You are receiving this email because you have previously opted in to receive communications from them. The list on which your email address appears is owned and operated by this third party. If you no longer wish to receive emails from this sender, you may opt out at any time by clicking on the unsubscribe link provided below or simply reply to this email with the word “UNSUBSCRIBE”

Copyright: Eagle Products, LLC – a Salem Communications Holding Company. All rights reserved. 122 C Street NW, Suite 515, Washington, DC 20001
Privacy Policy",,,https://salemmedia.com/eagle-financial-publications-privacy-policy/,,
EPBO,,"This email has been sent to you by a third party on behalf of Eagle Financial Publications. You are receiving this email because you have previously opted in to receive communications from them. The list on which your email address appears is owned and operated by this third party. If you no longer wish to receive emails from this sender, you may opt out at any time by clicking on the unsubscribe link provided below or simply reply to this email with the word “UNSUBSCRIBE”

Copyright: Eagle Products, LLC – a Salem Communications Holding Company. All rights reserved. 122 C Street NW, Suite 515, Washington, DC 20001
Privacy Policy",,,https://salemmedia.com/eagle-financial-publications-privacy-policy/,,
EPFS,,"This email has been sent to you by a third party on behalf of Eagle Financial Publications. You are receiving this email because you have previously opted in to receive communications from them. The list on which your email address appears is owned and operated by this third party. If you no longer wish to receive emails from this sender, you may opt out at any time by clicking on the unsubscribe link provided below or simply reply to this email with the word “UNSUBSCRIBE”

Copyright: Eagle Products, LLC – a Salem Communications Holding Company. All rights reserved. 122 C Street NW, Suite 515, Washington, DC 20001
Privacy Policy",,,https://salemmedia.com/eagle-financial-publications-privacy-policy/,,
EPBD \ EPUC ,,"This email has been sent to you by a third party on behalf of Eagle Financial Publications. You are receiving this email because you have previously opted in to receive communications from them. The list on which your email address appears is owned and operated by this third party. If you no longer wish to receive emails from this sender, you may opt out at any time by clicking on the unsubscribe link provided below or simply reply to this email with the word “UNSUBSCRIBE”

Copyright: Eagle Products, LLC – a Salem Communications Holding Company. All rights reserved. 122 C Street NW, Suite 515, Washington, DC 20001
Privacy Policy",,,https://salemmedia.com/eagle-financial-publications-privacy-policy/,,
,,,,,,,
IALV,,"Information contained in this email and websites maintained by Magnifi Communities LLC (dba Investors Alley) are provided for educational purposes only and are neither an offer nor a recommendation to buy or sell any security, options on equities, or cryptocurrency. Magnifi Communities and its affiliates may hold a position in any of the companies mentioned. Magnifi Communities is neither a registered investment adviser nor a broker-dealer and does not provide customized or personalized recommendations. Any one-on-one coaching or similar products or services offered by or through Magnifi Communities or Investors Alley does not provide or constitute personal advice, does not take into consideration and is not based on the unique or specific needs, objectives or financial circumstances of any person, and is intended for educational purposes only. Past performance is not necessarily indicative of future results. No trading strategy is risk free. Trading and investing involve substantial risk, and you may lose the entire amount of your principal investment or more. You should trade or invest only ""risk capital"" - money you can afford to lose. Trading and investing is not appropriate for everyone. We urge you to conduct your own research and due diligence and obtain professional advice from your personal financial adviser or investment broker before making any investment decision.

All information contained herein is copyright 2024, Magnifi Communities LLC
Magnifi Communities | 250 W 34th St | Suite 3910 | New York, NY  10119",,,,,
IALL,,"Information contained in this email and websites maintained by Magnifi Communities LLC (dba Investors Alley) are provided for educational purposes only and are neither an offer nor a recommendation to buy or sell any security, options on equities, or cryptocurrency. Magnifi Communities and its affiliates may hold a position in any of the companies mentioned. Magnifi Communities is neither a registered investment adviser nor a broker-dealer and does not provide customized or personalized recommendations. Any one-on-one coaching or similar products or services offered by or through Magnifi Communities or Investors Alley does not provide or constitute personal advice, does not take into consideration and is not based on the unique or specific needs, objectives or financial circumstances of any person, and is intended for educational purposes only. Past performance is not necessarily indicative of future results. No trading strategy is risk free. Trading and investing involve substantial risk, and you may lose the entire amount of your principal investment or more. You should trade or invest only ""risk capital"" - money you can afford to lose. Trading and investing is not appropriate for everyone. We urge you to conduct your own research and due diligence and obtain professional advice from your personal financial adviser or investment broker before making any investment decision.

All information contained herein is copyright 2024, Magnifi Communities LLC
Magnifi Communities | 250 W 34th St | Suite 3910 | New York, NY  10119",,,,,
IASD,,"This message from Investors Alley is being sent in full accordance with the CAN-SPAM Act.
We respect your privacy and, therefore, this email was sent directly from Investors Alley.  Please review our Privacy Statement and Terms of Use. 
If you no longer wish to receive emails from Investors Alley, please opt-out using the link below.

Information contained in this email and websites maintained by Magnifi Communities LLC (dba Investors Alley) are provided for educational purposes only and are neither an offer nor a recommendation to buy or sell any security, options on equities, or cryptocurrency. Magnifi Communities and its affiliates may hold a position in any of the companies mentioned. Magnifi Communities is neither a registered investment adviser nor a broker-dealer and does not provide customized or personalized recommendations. Any one-on-one coaching or similar products or services offered by or through Magnifi Communities or Investors Alley does not provide or constitute personal advice, does not take into consideration and is not based on the unique or specific needs, objectives or financial circumstances of any person, and is intended for educational purposes only. Past performance is not necessarily indicative of future results. No trading strategy is risk free. Trading and investing involve substantial risk, and you may lose the entire amount of your principal investment or more. You should trade or invest only ""risk capital"" - money you can afford to lose. Trading and investing is not appropriate for everyone. We urge you to conduct your own research and due diligence and obtain professional advice from your personal financial adviser or investment broker before making any investment decision.

All information contained herein is copyright 2024, Magnifi Communities LLC
250 W 34th St | Suite 3910 | New York, NY  10119",,,https://www.investorsalley.com/terms-of-use/,,
IAOG \ FIAOG,,"This message from Investors Alley is being sent in full accordance with the CAN-SPAM Act.
We respect your privacy and, therefore, this email was sent directly from Investors Alley.  Please review our Privacy Statement and Terms of Use. 
If you no longer wish to receive emails from Investors Alley, please opt-out using the link below.

Information contained in this email and websites maintained by Magnifi Communities LLC (dba Investors Alley) are provided for educational purposes only and are neither an offer nor a recommendation to buy or sell any security, options on equities, or cryptocurrency. Magnifi Communities and its affiliates may hold a position in any of the companies mentioned. Magnifi Communities is neither a registered investment adviser nor a broker-dealer and does not provide customized or personalized recommendations. Any one-on-one coaching or similar products or services offered by or through Magnifi Communities or Investors Alley does not provide or constitute personal advice, does not take into consideration and is not based on the unique or specific needs, objectives or financial circumstances of any person, and is intended for educational purposes only. Past performance is not necessarily indicative of future results. No trading strategy is risk free. Trading and investing involve substantial risk, and you may lose the entire amount of your principal investment or more. You should trade or invest only ""risk capital"" - money you can afford to lose. Trading and investing is not appropriate for everyone. We urge you to conduct your own research and due diligence and obtain professional advice from your personal financial adviser or investment broker before making any investment decision.

All information contained herein is copyright 2024, Magnifi Communities LLC
250 W 34th St | Suite 3910 | New York, NY  10119",,,https://www.investorsalley.com/terms-of-use/,,
IAMT \ IAMS \ IASS,,"MarketBeat empowers individual investors to make better trading decisions by providing real-time financial information and objective market research.

If you have questions about MarketBeat, feel free to contact our U.S. based support team via email at contact@marketbeat.com or leave us a voicemail at (844) 978-6257.

If you would like to unsubscribe from MarketBeat, click here.

© 2006-2024 American Consumer News, LLC dba MarketBeat. 326 E 8th St #105, Sioux Falls, SD 57103. United States.",unsubiamts,e7eeacf0-1c9e-408d-a9b3-069418c0a400,https://www.marketbeat.com/unsubscribe/,,
IAEB,,"If you have questions about your subscription, feel free to contact our U.S. based support team via email at contact@marketbeat.com.
 
If you no longer wish to receive email from The Early Bird, you can unsubscribe.
 
© 2006-2024 American Consumer News, LLC dba MarketBeat.
345 N Reid Place, Suite 620, Sioux Falls, SD 57103. United States.",unsubiaeb,,https://www.earlybirdpublishing.com/unsubscribe/,,
IADE \ FIADE,,"Information contained in this email and websites maintained by Magnifi Communities LLC (dba Investors Alley) are provided for educational purposes only and are neither an offer nor a recommendation to buy or sell any security, options on equities, or cryptocurrency. Magnifi Communities and its affiliates may hold a position in any of the companies mentioned. Magnifi Communities is neither a registered investment adviser nor a broker-dealer and does not provide customized or personalized recommendations. Any one-on-one coaching or similar products or services offered by or through Magnifi Communities or Investors Alley does not provide or constitute personal advice, does not take into consideration and is not based on the unique or specific needs, objectives or financial circumstances of any person, and is intended for educational purposes only. Past performance is not necessarily indicative of future results. No trading strategy is risk free. Trading and investing involve substantial risk, and you may lose the entire amount of your principal investment or more. You should trade or invest only ""risk capital"" - money you can afford to lose. Trading and investing is not appropriate for everyone. We urge you to conduct your own research and due diligence and obtain professional advice from your personal financial adviser or investment broker before making any investment decision.

All information contained herein is copyright 2024, Magnifi Communities LLC
Magnifi Communities | 250 W 34th St | Suite 3910 | New York, NY  10119",,,,,
IAPL,,"Information contained in this email and websites maintained by Magnifi Communities LLC (dba Investors Alley) are provided for educational purposes only and are neither an offer nor a recommendation to buy or sell any security, options on equities, or cryptocurrency. Magnifi Communities and its affiliates may hold a position in any of the companies mentioned. Magnifi Communities is neither a registered investment adviser nor a broker-dealer and does not provide customized or personalized recommendations. Any one-on-one coaching or similar products or services offered by or through Magnifi Communities or Investors Alley does not provide or constitute personal advice, does not take into consideration and is not based on the unique or specific needs, objectives or financial circumstances of any person, and is intended for educational purposes only. Past performance is not necessarily indicative of future results. No trading strategy is risk free. Trading and investing involve substantial risk, and you may lose the entire amount of your principal investment or more. You should trade or invest only ""risk capital"" - money you can afford to lose. Trading and investing is not appropriate for everyone. We urge you to conduct your own research and due diligence and obtain professional advice from your personal financial adviser or investment broker before making any investment decision.

All information contained herein is copyright 2024, Magnifi Communities LLC.",,,,,
EPRA,,"Copyright: Eagle Products, LLC – a division of Salem Media, Inc. All rights reserved. 122 C Street NW, Suite 515, Washington, DC 20001
Privacy Policy",,,https://salemmedia.com/eagle-financial-publications-privacy-policy/,,
EPSI,,"Copyright: Eagle Products, LLC – a Salem Communications Holding Company. All rights reserved. 122 C Street NW, Suite 515, Washington, DC 20001
Privacy Policy",,,https://salemmedia.com/eagle-financial-publications-privacy-policy/,,
FICP,,"This ad is sent on behalf of InvestorPlace Media at 1125 N. Charles Street, Baltimore, Maryland 21201. If you’re not interested in this opportunity, please click here and remove yourself from these offers.",,,https://www.eleventabkite.com/o-pvfk-m64-2b60415f5ac2423174a05e55b6b88b92,,
FIAC,,"This ad is sent on behalf of InvestorPlace Media at 1125 N. Charles Street, Baltimore, Maryland 21201. If you’re not interested in this opportunity, please click here and remove yourself from these offers.",,,https://www.eleventabkite.com/o-pvfk-m54-375cce43da25232c5347be217f05dd3b,,
BTPW/BTAR/BTBE/BTCP/BTCV/BTER/BTWG/BTDS,USUAL,"This ad is sent on behalf of Behind The Markets, 4260 NW 1st Avenue, Suite # 55 Boca Raton, FL 33431 – 4264. If you would like to unsubscribe from receiving offers from Behind The Markets please click here.",unsubbtsl,5ad4b107-2f09-4ff4-bb7f-20286bc116c0,https://behindthemarkets.us10.list-manage.com/unsubscribe?u=a581328d743c18fb4ec5bb058&id=060a5dc703,,
BTSL,USUAL,"This ad is sent on behalf of Behind The Markets, 4260 NW 1st Avenue, Suite # 55 Boca Raton, FL 33431 – 4264. If you would like to unsubscribe from receiving offers from Behind The Markets please click here.",unsubbtsl,5ad4b107-2f09-4ff4-bb7f-20286bc116c0,https://behindthemarkets.us10.list-manage.com/unsubscribe?u=a581328d743c18fb4ec5bb058&id=060a5dc703,,
TCTO/SCTO/RCTO/MCTO/OCTO/PSCTO/TRCTO/GOCTO/OCTO,Stansberry,"This ad is sent on behalf of Stansberry Research, 1125 N Charles St, Baltimore, MD 21201. If you would like to optout from receiving offers from Stansberry Research please click here. View their privacy policy here.",unsubocto,bbf4f0d3-2050-4329-8b14-2155010a770f,https://www.airbarklight.com/o-nttm-j63-17bd0844552e16ce05bc892c48c6af38,,https://stansberryresearch.com/privacy-policy
SRCO/SRAR/SROE/SRRI/SRDP/SRAB/SRIC/SRTM/SRFM/SROG/SRIP/SREB/SRRH/SRUN,Stansberry,"This ad is sent on behalf of Stansberry Research, 1125 N Charles St, Baltimore, MD 21201. If you would like to unsubscribe from receiving offers from Stansberry Research please click here. View their privacy policy here.",unsubsrbo,ec257c27-1cb8-4efa-963e-8a5e45fb4ac0,https://www.airbarklight.com/o-nttm-j63-ff2671161ebac425425b3f6bb0870a32,,https://stansberryresearch.com/privacy-policy
SRBO,Stansberry,"This ad is sent on behalf of Stansberry Research, 1125 N Charles St, Baltimore, MD 21201. If you would like to unsubscribe from receiving offers from Stansberry Research please click here. View their privacy policy here.",unsubsrbo,ec257c27-1cb8-4efa-963e-8a5e45fb4ac0,https://www.airbarklight.com/o-nttm-j63-ff2671161ebac425425b3f6bb0870a32,,https://stansberryresearch.com/privacy-policy
SRCA/SRCH,Stansberry,"This ad is sent on behalf of Chaikin Analytics, 201 King Of Prussia Rd., Suite 650, Radnor, PA 19087. If you would like to unsubscribe from receiving offers from Chaikin Analytics please click here. View their privacy policy here.",,,https://www.pencilsunlight.com/o-rlmj-j63-5a40a1a872d69b2276f2c99be2bf8df4,,https://www.chaikinanalytics.com/privacy/
SRRC,Stansberry,"This ad is sent on behalf of Chaikin Analytics, 201 King Of Prussia Rd., Suite 650, Radnor, PA 19087. If you would like to optout from receiving offers from Chaikin Analytics please click here.",unsubsrrc,70cc7187-8226-485b-a474-500043123170,https://www.pencilsunlight.com/o-rlmj-m84-e099e1705938e821ec1b938cccd8ae19,,
CCTO,Stansberry,"This ad is sent on behalf of Chaikin Analytics, 201 King Of Prussia Rd., Suite 650, Radnor, PA 19087. If you would like to unsubscribe from receiving offers from Chaikin Analytics please click here. View their privacy policy here.",,,https://www.pencilsunlight.com/o-rlmj-j63-17bd0844552e16cef609a1eeb04fc438,,https://www.chaikinanalytics.com/privacy/
SRFP,Stansberry,"This ad is sent on behalf of Altimetry Research, 110 Cambridge Street, Cambridge, MA 02141. If you would like to optout from receiving offers from Altimetry Research please click here.",,,https://www.elevenmoonpencil.com/o-dtwt-k93-9fdeebe5f821152edad6397da5a3b028,,
SRHT,Stansberry,"This ad is sent on behalf of Altimetry Research, 1125 N Charles St, Baltimore, MD 21201. If you would like to optout from receiving offers from Altimetry Research please click here.",unsubsrht,014366aa-8ac6-4bac-a955-67334b08e2bf,https://www.elevenmoonpencil.com/o-dtwt-k93-9fdeebe5f821152edad6397da5a3b028,,
SRGP,Stansberry,"This ad is sent on behalf of Stansberry Research, 1125 N Charles St, Baltimore, MD 21201. If you would like to optout from receiving offers from Stansberry Research please click here.",unsubsrgp,6dcdecca-e2df-4a01-b6fa-10cb9c6c5c45,https://www.airbarklight.com/o-nttm-m84-9f6db377c6bfea77df84aba18c80de2d,,
SRBL,Stansberry,"This ad is sent on behalf of Stansberry Research, 1125 N Charles St, Baltimore, MD 21201. If you would like to optout from receiving offers from Stansberry Research please click here.",unsubsrbl,36a0147c-87b0-46ab-a067-b38e7f069373,https://www.airbarklight.com/o-nttm-m84-4b31b33010e0d9c7703936187ecef917,,
SRDA,Stansberry,"This ad is sent on behalf of Stansberry Research, 1125 N Charles St, Baltimore, MD 21201. If you would like to optout from receiving offers from Stansberry Research please click here.",unsubsrda,1f82f3fb-8bf1-4c7c-8c39-a5dd5f5069a0,https://www.airbarklight.com/o-nttm-m84-4b31b33010e0d9c72beef1dbe95dfcea,,
SRGC,Stansberry,"This ad is sent on behalf of Stansberry Research, 1125 N Charles St, Baltimore, MD 21201. If you would like to optout from receiving offers from Stansberry Research please click here.",unsubsrgc,6d30ae2a-ee49-45d7-87e1-037b002f2f24,https://www.airbarklight.com/o-nttm-n15-9598c0c7a09b2d8e4e552b09ee587aed,,
SRCR,Stansberry,"This ad is sent on behalf of Stansberry Research, 1125 N Charles St, Baltimore, MD 21201. If you would like to optout from receiving offers from Stansberry Research please click here.",unsubsrcr,1caef959-b950-4765-a524-c91abfd43f78,https://www.airbarklight.com/o-nttm-o25-994f4204c7fdb9b4b9361bffd9d89aac,,
SRBR,Stansberry,"This ad is sent on behalf of Stansberry Research, 1125 N Charles St, Baltimore, MD 21201. If you would like to optout from receiving offers from Stansberry Research please click here.",unsubsrbr,,https://www.airbarklight.com/o-nttm-o25-54e1e54877fcdec7a3cbd6b826f84852,,
SRRM,,"This ad is sent on behalf of Chaikin Analytics, 201 King Of Prussia Rd., Suite 650, Radnor, PA 19087. If you would like to optout from receiving offers from Chaikin Analytics please click here.",,f5911e12-3e9a-47e3-abf0-628cc154bb13,https://www.pencilsunlight.com/o-rlmj-q06-c16bd347f7c89668d11271dc4752e48a,,
SRON,,"This ad is sent on behalf of Stansberry Research, 1125 N Charles St, Baltimore, MD 21201. If you would like to optout from receiving offers from Stansberry Research please click here.",,c5530c0b-c0f9-463a-9f78-6ec1b714f9d9,https://www.airbarklight.com/o-nttm-q06-c58ec64451555802131ee8e05fc1a034,,
SROS,,"This ad is sent on behalf of Stansberry Research, 1125 N Charles St, Baltimore, MD 21201. If you would like to optout from receiving offers from Stansberry Research please click here.",,10f5d361-fca4-4816-a38f-27e7e0456d4a,https://www.airbarklight.com/o-nttm-q06-13b1d4f17cb64c60355cc46efc409d0e,,
SRAI,Stansberry,"This ad is sent on behalf of Chaikin Analytics, 201 King Of Prussia Rd., Suite 650, Radnor, PA 19087. If you would like to optout from receiving offers from Chaikin Analytics please click here.",unsubsrai,152e3022-caff-48e3-9d15-988d75114de2,https://www.pencilsunlight.com/o-rlmj-n05-a17edb2c17868534eeea59da8d0ea5c9,,
SRBN,Stansberry,"This ad is sent on behalf of Altimetry, 110 Cambridge Street, Cambridge, MA 02141. If you would like to optout from receiving offers from Altimetry Research please click here.",unsubsrbn,09dc7e2f-b463-468a-a62a-40c123555936,https://www.elevenmoonpencil.com/o-dtwt-m84-e099e1705938e8218cc74ab2a3bae1ec,,
SRLD,Stansberry,"This ad is sent on behalf of Stansberry Research, 1125 N Charles St, Baltimore, MD 21201. If you would like to optout from receiving offers from Stansberry Research please click here.",unsubsrld,85f6221b-6ef0-448b-8110-e47a2b619746,https://www.airbarklight.com/o-nttm-o25-64dcb243af5b0c5e78bb8b47b1a91b0a,,
SRBC,Stansberry,"This ad is sent on behalf of Stansberry Research, 1125 N Charles St, Baltimore, MD 21201. If you would like to optout from receiving offers from Stansberry Research please click here.",unsubsrbc,ba7e36fa-8e8d-4a67-8059-930e7495e738,https://www.airbarklight.com/o-nttm-n05-772ec40795921ee4f0554871f05678bf,,
SRHA,Stansberry,"This ad is sent on behalf of Altimetry, 110 Cambridge Street, Cambridge, MA 02141. If you would like to optout from receiving offers from Altimetry please click here.",unsubsrha,e7cbe68d-a241-4dd6-9afe-e66ff1aca850,https://www.elevenmoonpencil.com/o-dtwt-o35-95a798f68717ab2444c9eba7434addaa,,
SRFQ,Stansberry,"This ad is sent on behalf of Stansberry Research, 1125 N Charles St, Baltimore, MD 21201. If you would like to optout from receiving offers from Stansberry Research please click here.",unsubsrfq,7d03530b-2fca-4b11-88a3-947d09f802f5,https://www.airbarklight.com/o-nttm-o35-fa8029ec8bdce5533bb1b7b1db452f63,,
SRNU,Stansberry,"This ad is sent on behalf of Stansberry Research, 1125 N Charles St, Baltimore, MD 21201. If you would like to optout from receiving offers from Stansberry Research please click here.",,71ed5573-373f-4fed-8172-f115f0bb8061,https://www.airbarklight.com/o-nttm-q06-39c638319c337a562ffb5119d3cc52d6,,
SRTO,Stansberry,"This ad is sent on behalf of Stansberry Research, 1125 N Charles St, Baltimore, MD 21201. If you would like to optout from receiving offers from Stansberry Research please click here.",,,https://www.airbarklight.com/o-nttm-q06-55c4a56c610f01e82cfbe6a0bc522b2a,,
SROD,Stansberry,"This ad is sent on behalf of Stansberry Research, 1125 N Charles St, Baltimore, MD 21201. If you would like to optout from receiving offers from Stansberry Research please click here.",unsubsrod,731cff2f-0f30-4625-adcb-db52d86bec66,https://www.airbarklight.com/o-nttm-o35-8fc8c461e19078e4708c8855790fdb08,,
SRAT,Stansberry,"This ad is sent on behalf of Stansberry Research, 1125 N Charles St, Baltimore, MD 21201. If you would like to optout from receiving offers from Stansberry Research please click here.",unsubsrat,75bfd025-fef3-4a1a-bec6-b2b7d0cfdff7,https://www.airbarklight.com/o-nttm-o45-fae520bdc6f76e57b8495070ad3d387d,,
SRCL,Stansberry,"This ad is sent on behalf of Chaikin Analytics, 201 King Of Prussia Rd., Suite 650, Radnor, PA 19087. If you would like to optout from receiving offers from Chaikin Analytics please click here or optout from this newsletter below.",unsubsrcl,920e6f72-828e-4e3c-9aaf-d948dcd34f1c,https://www.pencilsunlight.com/o-rlmj-m84-b4ae96c1692ac0920e10a896ea282911,,
SREN,Stansberry,"This ad is sent on behalf of Stansberry Research, 1125 N Charles St, Baltimore, MD 21201. If you would like to optout from receiving offers from Stansberry Research please click here.",unsubsren,ecaadbda-1881-4e02-b509-419ddc63ed20,https://www.airbarklight.com/o-nttm-o45-c19fabfb50592b356c3cf4aec72b284a,,
SRSC,Stansberry,"This ad is sent on behalf of Stansberry Research, 1125 N Charles St, Baltimore, MD 21201. If you would like to optout from receiving offers from Stansberry Research please click here.",unsubsrsc,80608903-37d0-4d6d-af73-43d20fceb888,https://www.airbarklight.com/o-nttm-o55-bb89803044490faccb5c3aad63cbc7a2,,
SRFW,Stansberry,"This ad is sent on behalf of Stansberry Research, 1125 N Charles St, Baltimore, MD 21201. If you would like to optout from receiving offers from Stansberry Research please click here.",unsubsrfw,e0aa7d70-497c-4324-bef6-45551e931331,https://www.airbarklight.com/o-nttm-o55-67005f97854b7b0ddbc6b6ffd6932045,,
SRCB,Stansberry,"This ad is sent on behalf of Stansberry Research, 1125 N Charles St, Baltimore, MD 21201. If you would like to optout from receiving offers from Stansberry Research please click here.",unsubsrcb,60ceeeda-0c55-4a7a-b78f-920af8180e9d,https://www.airbarklight.com/o-nttm-o55-f3cf5c571b0efa2042d90218f99f320e,,
SRMA,Stansberry,"This ad is sent on behalf of Stansberry Research, 1125 N Charles St, Baltimore, MD 21201. If you would like to optout from receiving offers from Stansberry Research please click here.",unsubsrma,319df485-70ec-47cd-9292-c31bca4eabd3,https://www.airbarklight.com/o-nttm-p65-17e0e119e4b2b212b01a5b188641462b,,
GCCN \ GCBP \ GCSE,,"If you no longer want to receive these emails, you may Unsubscribe Here
or submit your request to: 24025 Park Sorrento, Suite 210, Calabasas, CA 91302",unsubgccn,9211f5f9-6b1d-4b6d-bc7a-ba2e985b1d78,https://submit.optout-goldco.com/unsub/7zE6qafxRd2XIqW3mSzrRQXx3bQCQKYFOgTICRC2R0rB13u8MSMyfumxJe2N3lcp,,
GCES,,"If you no longer want to receive these emails, you may Unsubscribe Here
or submit your request to: 24025 Park Sorrento, Suite 210, Calabasas, CA 91302",unsubgces,339ac9a3-e443-49c4-8060-71bc5a68de2f,https://submit.optout-goldco.com/unsub/7zE6qafxRd2XIqW3mSzrRQXx3bQCQKYFOgTICRC2R0rB13u8MSMyfumxJe2N3lcp,,
GCDD \ GCDO,,"If you no longer want to receive these emails, you may Unsubscribe Here
or submit your request to: 24025 Park Sorrento, Suite 210, Calabasas, CA 91302",unsubgcdd,f4668d03-fda1-410e-ae87-7a46c35a49e7,http://submit.optout-goldco.com/unsub/BK1enqriVID6iLkg4i3WwU6SV7fQGU5F96M6l6iir4j07AmAeQwF9lcCbOqY1k6D,,
Приклади,,,,,,,
WEISS (WSNC/WSFC..),https://drive.google.com/file/d/17ZI5Me-nIg3bHbz232ojjMloSLzFY0yx/view?usp=sharing,,,,,,
,,,,,,,
Приклад ансаб лінки з лінк ID,,,,,,,
https://drive.google.com/file/d/16S3x2sul248GHVBbWkWqnIJk_Fd5CpOr/view?usp=share_link,,,,,,,